{"name":"WelcomeCustomer","identifier":"ACSVI3PUXF","description":"Introduces the user to the bot and the services is provides.","parentIntentSignature":null,"sampleUtterances":[{"utterance":"Hello"},{"utterance":"Hi"},{"utterance":"Hey"},{"utterance":"What can you show me?"},{"utterance":"What can I use you for?"}],"intentConfirmationSetting":null,"intentClosingSetting":{"isActive":true,"closingResponse":{"allowInterrupt":true,"messageGroupsList":[{"message":{"imageResponseCard":null,"customPayload":null,"ssmlMessage":null,"plainTextMessage":{"value":"Hello! My name is Lex and I will be helping you with any questions regarding the AutoNation Chrysler Dodge Jeep Ram Bellevue store."}},"variations":null}]}},"inputContexts":null,"outputContexts":null,"kendraConfiguration":null,"dialogCodeHook":null,"fulfillmentCodeHook":null,"slotPriorities":[]}