{"name":"storeID","identifier":"YWIR4E853C","description":null,"slotTypeName":"storeID","obfuscationSetting":null,"valueElicitationSetting":{"promptSpecification":{"allowInterrupt":true,"messageGroupsList":[{"message":{"imageResponseCard":null,"customPayload":null,"ssmlMessage":null,"plainTextMessage":{"value":"Please provide the Store ID of your vehicle repair or service (i.e. 1234)."}},"variations":null}],"maxRetries":4},"defaultValueSpecification":null,"waitAndContinueSpecification":null,"slotConstraint":"Required","sampleUtterances":null},"multipleValuesSetting":null}