{"name":"customerName","identifier":"B2XAWKMIMA","description":"Full name of the customer","slotTypeValues":[{"sampleValue":{"value":"Alejandro Cores"},"synonyms":null},{"sampleValue":{"value":"Lex Luthor"},"synonyms":null},{"sampleValue":{"value":"Dariel Brito"},"synonyms":null},{"sampleValue":{"value":"Athena Scarlett"},"synonyms":null},{"sampleValue":{"value":"Aadit Bhatia"},"synonyms":null}],"parentSlotTypeSignature":null,"valueSelectionSetting":{"regexFilter":null,"resolutionStrategy":"ORIGINAL_VALUE"}}