{"name":"displayChrysler","identifier":"YIFJNKAZJ6","description":"Displays to the user what Chrysler models are available in the store.","parentIntentSignature":null,"sampleUtterances":[{"utterance":"Chrysler"},{"utterance":"Display Chrysler models"},{"utterance":"What Chrysler models are available?"},{"utterance":"What Chrysler models are for sale?"}],"intentConfirmationSetting":null,"intentClosingSetting":{"isActive":true,"closingResponse":{"allowInterrupt":true,"messageGroupsList":[{"message":{"imageResponseCard":null,"customPayload":null,"ssmlMessage":null,"plainTextMessage":{"value":"We currently have the following model(s) available: 2018 \"Pacifica\" - 28768 Miles (ID: 2C4RC1EG9JR187336)"}},"variations":null}]}},"inputContexts":[{"name":"newChrysler","timeToLiveInSeconds":null,"turnsToLive":null}],"outputContexts":null,"kendraConfiguration":null,"dialogCodeHook":null,"fulfillmentCodeHook":null,"slotPriorities":[]}