{"name":"apptQuestion","identifier":"G3FYBZMYHD","description":"Variable which allows the bot to understand it is being asked a question regarding appointments","slotTypeValues":[{"sampleValue":{"value":"serviceURL"},"synonyms":[{"value":"serviceURL"}]},{"sampleValue":{"value":"servicePhoneNumber"},"synonyms":[{"value":"servicePhoneNumber"}]},{"sampleValue":{"value":"storeAddress"},"synonyms":[{"value":"storeAddress"}]},{"sampleValue":{"value":"storeHours"},"synonyms":[{"value":"storeHours"}]}],"parentSlotTypeSignature":null,"valueSelectionSetting":{"regexFilter":null,"resolutionStrategy":"TOP_RESOLUTION"}}