{"name":"apptReasons","identifier":"TVCQASH1QL","description":null,"slotTypeName":"apptReasons","obfuscationSetting":null,"valueElicitationSetting":{"promptSpecification":{"allowInterrupt":true,"messageGroupsList":[{"message":{"imageResponseCard":null,"customPayload":null,"ssmlMessage":null,"plainTextMessage":{"value":"Briefly express the reasons why you would like to make an appointment (i.e. Oil Change)"}},"variations":null}],"maxRetries":4},"defaultValueSpecification":null,"waitAndContinueSpecification":null,"slotConstraint":"Required","sampleUtterances":null},"multipleValuesSetting":null}