{"name":"RepairOrder2","identifier":"LTM7AMDWKT","description":"Represents the current and past repairs or services that the customer has had. This is the second order.","parentIntentSignature":null,"sampleUtterances":[{"utterance":"Can you show the second repair order?"},{"utterance":"Second repair"},{"utterance":"What is my second repair order?"},{"utterance":"Show 2nd repair order"},{"utterance":"Repair 2"},{"utterance":"Two"},{"utterance":"Second"},{"utterance":"2"}],"intentConfirmationSetting":{"isActive":true,"declinationResponse":{"allowInterrupt":true,"messageGroupsList":[{"message":{"imageResponseCard":null,"customPayload":null,"ssmlMessage":null,"plainTextMessage":{"value":"To check for line items please type \"Line Item 2.\" "}},"variations":null}]},"promptSpecification":{"allowInterrupt":true,"messageGroupsList":[{"message":{"imageResponseCard":null,"customPayload":null,"ssmlMessage":null,"plainTextMessage":{"value":"The current status of your repair order is \"COMPLETED,\"  meaning you can come pick up your vehicle as soon as you have a chance! Would you like to check for opening/closing date and time? (Yes/No)"}},"variations":null}],"maxRetries":4}},"intentClosingSetting":{"isActive":true,"closingResponse":{"allowInterrupt":true,"messageGroupsList":[{"message":{"imageResponseCard":null,"customPayload":null,"ssmlMessage":null,"plainTextMessage":{"value":"Open Date/Time - September 16, 2021 at 6:00 pm. Remember to come pick up your vehicle as soon as possible! To check for line items please type \"Line Item 2.\" "}},"variations":null}]}},"inputContexts":null,"outputContexts":null,"kendraConfiguration":null,"dialogCodeHook":null,"fulfillmentCodeHook":null,"slotPriorities":[{"priority":1,"slotName":"repairOrderID"},{"priority":2,"slotName":"vehicleID"},{"priority":3,"slotName":"storeID"}]}