{"name":"StoreFaxNumber","identifier":"24F24GSYK8","description":"Provide users with the fax number of store.","parentIntentSignature":null,"sampleUtterances":[{"utterance":"What is your fax number?"},{"utterance":"Fax number"},{"utterance":"Where can I find the fax number of the store?"},{"utterance":"Can you give me the store's fax number?"},{"utterance":"Fax address"},{"utterance":"Fax"}],"intentConfirmationSetting":null,"intentClosingSetting":{"isActive":true,"closingResponse":{"allowInterrupt":true,"messageGroupsList":[{"message":{"imageResponseCard":null,"customPayload":null,"ssmlMessage":null,"plainTextMessage":{"value":"Our fax number is (425) 462-0460 📠. Let me know about any other questions!"}},"variations":null}]}},"inputContexts":null,"outputContexts":null,"kendraConfiguration":null,"dialogCodeHook":null,"fulfillmentCodeHook":null,"slotPriorities":[]}