{"name":"customerID","identifier":"W405SUGN1H","description":null,"slotTypeName":"customerID","obfuscationSetting":null,"valueElicitationSetting":{"promptSpecification":{"allowInterrupt":true,"messageGroupsList":[{"message":{"imageResponseCard":null,"customPayload":null,"ssmlMessage":null,"plainTextMessage":{"value":"Please provide your Customer ID (i.e. QR######)."}},"variations":null}],"maxRetries":4},"defaultValueSpecification":null,"waitAndContinueSpecification":null,"slotConstraint":"Required","sampleUtterances":null},"multipleValuesSetting":null}