{"name":"LineItem3","identifier":"S3SPZW7WEG","description":"The different parts and labor, along with the quantity and price associated with the repair or service of the third order.","parentIntentSignature":null,"sampleUtterances":[{"utterance":"Can you show the items for the third repair order?"},{"utterance":"Line Item 3"},{"utterance":"Items 3"},{"utterance":"Third items"},{"utterance":"Show items for the 3rd repair order"}],"intentConfirmationSetting":null,"intentClosingSetting":{"isActive":true,"closingResponse":{"allowInterrupt":true,"messageGroupsList":[{"message":{"imageResponseCard":null,"customPayload":null,"ssmlMessage":null,"plainTextMessage":{"value":"Items for repair: Oil (o234): $35.99 for two units. Labor hours: 1 ($80.00)"}},"variations":null}]}},"inputContexts":null,"outputContexts":null,"kendraConfiguration":null,"dialogCodeHook":null,"fulfillmentCodeHook":null,"slotPriorities":[]}