{"name":"carYear","identifier":"EL4BTKXQ1V","description":"Year in which the car was released","slotTypeValues":[{"sampleValue":{"value":"2010"},"synonyms":null},{"sampleValue":{"value":"2011"},"synonyms":null},{"sampleValue":{"value":"2012"},"synonyms":null},{"sampleValue":{"value":"2013"},"synonyms":null},{"sampleValue":{"value":"2014"},"synonyms":null},{"sampleValue":{"value":"2015"},"synonyms":null},{"sampleValue":{"value":"2016"},"synonyms":null},{"sampleValue":{"value":"2017"},"synonyms":null},{"sampleValue":{"value":"2018"},"synonyms":null},{"sampleValue":{"value":"2019"},"synonyms":null},{"sampleValue":{"value":"2020"},"synonyms":null},{"sampleValue":{"value":"2021"},"synonyms":null},{"sampleValue":{"value":"2022"},"synonyms":null}],"parentSlotTypeSignature":null,"valueSelectionSetting":{"regexFilter":null,"resolutionStrategy":"ORIGINAL_VALUE"}}