{"name":"CustomerError","identifier":"FCTX7PGOVG","description":"Helps users that are missing information while booking an appointment or a repair order.","parentIntentSignature":null,"sampleUtterances":[{"utterance":"I forgot my order ID"},{"utterance":"I do not remember my ID"},{"utterance":"Help"},{"utterance":"Assistance"},{"utterance":"I do not now"},{"utterance":"I don't remember"},{"utterance":"I forgot"},{"utterance":"I do not have access to my appointment ID"},{"utterance":"I don't have my appointment ID"},{"utterance":"Forgot"}],"intentConfirmationSetting":null,"intentClosingSetting":{"isActive":true,"closingResponse":{"allowInterrupt":true,"messageGroupsList":[{"message":{"imageResponseCard":null,"customPayload":null,"ssmlMessage":null,"plainTextMessage":{"value":"No worries! You can contact our customer service department at (425) 900-5010 for any questions or to retrieve any missing information regarding your account."}},"variations":null}]}},"inputContexts":null,"outputContexts":null,"kendraConfiguration":null,"dialogCodeHook":null,"fulfillmentCodeHook":null,"slotPriorities":[]}