{"name":"StoreWebAddress","identifier":"EAYLOD7MUC","description":"Provides information about the store's webpages.","parentIntentSignature":null,"sampleUtterances":[{"utterance":"serviceURL"},{"utterance":"What is the website of the store?"},{"utterance":"Through what webpage can I make an appointment?"},{"utterance":"Where can I find the link to the store's website?"},{"utterance":"Link"},{"utterance":"URL"},{"utterance":"Website"},{"utterance":"Webpage"},{"utterance":"Web Address"}],"intentConfirmationSetting":{"isActive":true,"declinationResponse":{"allowInterrupt":true,"messageGroupsList":[{"message":{"imageResponseCard":null,"customPayload":null,"ssmlMessage":null,"plainTextMessage":{"value":"That's fine. Let me know about any other questions!"}},"variations":null}]},"promptSpecification":{"allowInterrupt":true,"messageGroupsList":[{"message":{"imageResponseCard":null,"customPayload":null,"ssmlMessage":null,"plainTextMessage":{"value":"You can visit our virtual store at https://www.autonationchryslerdodgejeeprambellevue.com/. Would you like information on our appointment booking website?"}},"variations":null}],"maxRetries":4}},"intentClosingSetting":{"isActive":true,"closingResponse":{"allowInterrupt":true,"messageGroupsList":[{"message":{"imageResponseCard":null,"customPayload":null,"ssmlMessage":null,"plainTextMessage":{"value":"Appointment Booking: https://www.autonation.com/schedule-store-appointment/chrysler-dodge-jeep-ram-bellevue-wa?sc_lang=en"}},"variations":null}]}},"inputContexts":null,"outputContexts":null,"kendraConfiguration":null,"dialogCodeHook":null,"fulfillmentCodeHook":null,"slotPriorities":[]}