{"name":"StoreBrands","identifier":"9DJAVYWQQY","description":"Provides the user with the brands available at the store.","parentIntentSignature":null,"sampleUtterances":[{"utterance":"What brands do you sell at your location?"},{"utterance":"What car brands do you guys sell?"},{"utterance":"Car brands"},{"utterance":"Vehicle brands"},{"utterance":"Available car brands"},{"utterance":"Available vehicles"}],"intentConfirmationSetting":null,"intentClosingSetting":{"isActive":true,"closingResponse":{"allowInterrupt":true,"messageGroupsList":[{"message":{"imageResponseCard":null,"customPayload":null,"ssmlMessage":null,"plainTextMessage":{"value":"We offer a wide variety of selections from Dodge, Jeep, Chrysler and Ram 🚗."}},"variations":null}]}},"inputContexts":null,"outputContexts":null,"kendraConfiguration":null,"dialogCodeHook":null,"fulfillmentCodeHook":null,"slotPriorities":[]}