{"name":"displayJeep","identifier":"EKWMLQ1PX0","description":"Displays to the user what Jeep models are available in the store.","parentIntentSignature":null,"sampleUtterances":[{"utterance":"Jeep"},{"utterance":"I want to see your Jeep models"},{"utterance":"What Jeep models are available?"},{"utterance":"Available Jeep models"}],"intentConfirmationSetting":null,"intentClosingSetting":{"isActive":true,"closingResponse":{"allowInterrupt":true,"messageGroupsList":[{"message":{"imageResponseCard":null,"customPayload":null,"ssmlMessage":null,"plainTextMessage":{"value":"We currently have the following model(s) available: 2021 \"Grand Cherokee\" - 1250 Miles (ID: 1C4RJKBG3M8107027)"}},"variations":null}]}},"inputContexts":[{"name":"newJeep","timeToLiveInSeconds":null,"turnsToLive":null}],"outputContexts":null,"kendraConfiguration":null,"dialogCodeHook":null,"fulfillmentCodeHook":null,"slotPriorities":[]}