{"name":"displayRAM","identifier":"W4TSMPBXAA","description":"Displays to the user what RAM models are available in the store.","parentIntentSignature":null,"sampleUtterances":[{"utterance":"RAM"},{"utterance":"What are your RAM models?"},{"utterance":"What RAM models are available?"},{"utterance":"RAM models"}],"intentConfirmationSetting":null,"intentClosingSetting":{"isActive":true,"closingResponse":{"allowInterrupt":true,"messageGroupsList":[{"message":{"imageResponseCard":null,"customPayload":null,"ssmlMessage":null,"plainTextMessage":{"value":"We currently have the following model(s) available: 2018 \"1500\" - 31041 Miles (ID: 1C6RR7LT7JS179033)"}},"variations":null}]}},"inputContexts":[{"name":"newRAM","timeToLiveInSeconds":null,"turnsToLive":null}],"outputContexts":null,"kendraConfiguration":null,"dialogCodeHook":null,"fulfillmentCodeHook":null,"slotPriorities":[]}