{"name":"CreateAppointment","identifier":"7FJSCOLPXL","description":"Allows users to create new appointments.","parentIntentSignature":null,"sampleUtterances":[{"utterance":"I would like to create a new appointment"},{"utterance":"Create appointment"},{"utterance":"Is it possible to create an appointment?"},{"utterance":"New appointment"},{"utterance":"Set up appointment"}],"intentConfirmationSetting":{"isActive":true,"declinationResponse":{"allowInterrupt":true,"messageGroupsList":[{"message":{"imageResponseCard":null,"customPayload":null,"ssmlMessage":null,"plainTextMessage":{"value":"That's okay. Please let me know if you have any other concerns!"}},"variations":null}]},"promptSpecification":{"allowInterrupt":true,"messageGroupsList":[{"message":{"imageResponseCard":null,"customPayload":null,"ssmlMessage":null,"plainTextMessage":{"value":"Do you want me to submit your appointment request? (Yes/No)"}},"variations":null}],"maxRetries":4}},"intentClosingSetting":{"isActive":true,"closingResponse":{"allowInterrupt":true,"messageGroupsList":[{"message":{"imageResponseCard":null,"customPayload":null,"ssmlMessage":null,"plainTextMessage":{"value":"All done! You will receive an e-mail containing any other steps regarding your appointment within the next 2-5 business days, have a good day. 😄"}},"variations":null}]}},"inputContexts":null,"outputContexts":null,"kendraConfiguration":null,"dialogCodeHook":null,"fulfillmentCodeHook":null,"slotPriorities":[{"priority":1,"slotName":"customerName"},{"priority":4,"slotName":"apptReasons"},{"priority":3,"slotName":"vehicleID"},{"priority":2,"slotName":"customerID"}]}