{"name":"RepairOrder3","identifier":"EMEAWGETTN","description":"Represents the current and past repairs or services that the customer has had. This is the third order.","parentIntentSignature":null,"sampleUtterances":[{"utterance":"Can you show the third repair order?"},{"utterance":"Repair 3"},{"utterance":"Third repair order"},{"utterance":"Show 3rd repair order"},{"utterance":"What is my 3rd repair order?"},{"utterance":"Third"},{"utterance":"Three"},{"utterance":"3"},{"utterance":"3rd"}],"intentConfirmationSetting":{"isActive":true,"declinationResponse":{"allowInterrupt":true,"messageGroupsList":[{"message":{"imageResponseCard":null,"customPayload":null,"ssmlMessage":null,"plainTextMessage":{"value":"If you would like to check this order's line items please type \"Line Item 3.\""}},"variations":null}]},"promptSpecification":{"allowInterrupt":true,"messageGroupsList":[{"message":{"imageResponseCard":null,"customPayload":null,"ssmlMessage":null,"plainTextMessage":{"value":"The current status of your repair order is \"CLOSED,\" meaning the repair order has been completed and you have picked up the vehicle. Would you like to check for opening/closing date and time? (Yes/No)"}},"variations":null}],"maxRetries":4}},"intentClosingSetting":{"isActive":true,"closingResponse":{"allowInterrupt":true,"messageGroupsList":[{"message":{"imageResponseCard":null,"customPayload":null,"ssmlMessage":null,"plainTextMessage":{"value":"Open Date/Time - January 10, 2020 at 6:00 pm. Close Date/Time - January 10, 2020 at 7:00 pm. To check for line items please type \"Line Item 3.\" "}},"variations":null}]}},"inputContexts":null,"outputContexts":null,"kendraConfiguration":null,"dialogCodeHook":null,"fulfillmentCodeHook":null,"slotPriorities":[{"priority":3,"slotName":"storeID"},{"priority":2,"slotName":"vehicleID"},{"priority":1,"slotName":"repairOrderID"}]}