{"name":"carInfo","identifier":"PMEVMM6NCL","description":"Provides users with information on the cars available at the store.","parentIntentSignature":null,"sampleUtterances":[{"utterance":"I would like to see what cars are available"},{"utterance":"What cars are available?"},{"utterance":"What cars do you offer?"},{"utterance":"Show car offers?"},{"utterance":"What are you currently selling?"},{"utterance":"What cars can I buy?"},{"utterance":"Where do I buy cars?"}],"intentConfirmationSetting":null,"intentClosingSetting":{"isActive":true,"closingResponse":{"allowInterrupt":true,"messageGroupsList":[{"message":{"imageResponseCard":null,"customPayload":null,"ssmlMessage":null,"plainTextMessage":{"value":"What car brand are you interested in out of the ones we offer? (Dodge, Jeep, Chrysler, Ram)"}},"variations":null}]}},"inputContexts":null,"outputContexts":[{"name":"newJeep","timeToLiveInSeconds":90,"turnsToLive":5},{"name":"newRAM","timeToLiveInSeconds":90,"turnsToLive":5},{"name":"newChrysler","timeToLiveInSeconds":90,"turnsToLive":5},{"name":"newDodge","timeToLiveInSeconds":90,"turnsToLive":5}],"kendraConfiguration":null,"dialogCodeHook":null,"fulfillmentCodeHook":null,"slotPriorities":[]}