{"name":"RepairOrder1","identifier":"DSPKDRHPNY","description":"Represents the current and past repairs or services that the customer has had. This is the first order.","parentIntentSignature":null,"sampleUtterances":[{"utterance":"Can you show the first repair order?"},{"utterance":"First repair order"},{"utterance":"1st repair order"},{"utterance":"What is my first repair order?"},{"utterance":"Repair Order 1"},{"utterance":"First"},{"utterance":"1"},{"utterance":"One"}],"intentConfirmationSetting":{"isActive":true,"declinationResponse":{"allowInterrupt":true,"messageGroupsList":[{"message":{"imageResponseCard":null,"customPayload":null,"ssmlMessage":null,"plainTextMessage":{"value":"To check for line items please type \"Line Item 1.\""}},"variations":null}]},"promptSpecification":{"allowInterrupt":true,"messageGroupsList":[{"message":{"imageResponseCard":null,"customPayload":null,"ssmlMessage":null,"plainTextMessage":{"value":"The current status of your repair order is \"OPEN,\" meaning the car is currently being worked on. Would you like to check for opening/closing date and time? (Yes/No)"}},"variations":null}],"maxRetries":4}},"intentClosingSetting":{"isActive":true,"closingResponse":{"allowInterrupt":true,"messageGroupsList":[{"message":{"imageResponseCard":null,"customPayload":null,"ssmlMessage":null,"plainTextMessage":{"value":"Open Date/Time - September 17, 2021 at 4:00 pm. I'll notify you when the order is complete. To check for line items please type \"Line Item 1.\" "}},"variations":null}]}},"inputContexts":null,"outputContexts":null,"kendraConfiguration":null,"dialogCodeHook":null,"fulfillmentCodeHook":null,"slotPriorities":[{"priority":2,"slotName":"vehicleID"},{"priority":3,"slotName":"storeID"},{"priority":1,"slotName":"repairOrderID"}]}