{"name":"RepairOrderStatus","identifier":"WRYUEZSXBI","description":"Ask the user what repair order they would like to access.","parentIntentSignature":null,"sampleUtterances":[{"utterance":"What is my repair order staus?"},{"utterance":"View my repair order"},{"utterance":"Repair order"},{"utterance":"Repair order status"},{"utterance":"My repair order"},{"utterance":"Repair Status"},{"utterance":"Check repair order status"}],"intentConfirmationSetting":null,"intentClosingSetting":{"isActive":true,"closingResponse":{"allowInterrupt":true,"messageGroupsList":[{"message":{"imageResponseCard":null,"customPayload":null,"ssmlMessage":null,"plainTextMessage":{"value":"Please type what repair order you would like to view (i.e. First, Second, Third, etc)."}},"variations":null}]}},"inputContexts":null,"outputContexts":null,"kendraConfiguration":null,"dialogCodeHook":null,"fulfillmentCodeHook":null,"slotPriorities":[]}