{"name":"StoreAddress","identifier":"MS0IFUL68J","description":"Provides users with the address of the store.","parentIntentSignature":null,"sampleUtterances":[{"utterance":"What is the address of the store?"},{"utterance":"Where can I find information about the store's address"},{"utterance":"Store address"}],"intentConfirmationSetting":null,"intentClosingSetting":{"isActive":true,"closingResponse":{"allowInterrupt":true,"messageGroupsList":[{"message":{"imageResponseCard":null,"customPayload":null,"ssmlMessage":null,"plainTextMessage":{"value":"You can find us at 120 116th Ave NE, Bellevue, WA 98004 🗺️."}},"variations":null}]}},"inputContexts":null,"outputContexts":null,"kendraConfiguration":null,"dialogCodeHook":null,"fulfillmentCodeHook":null,"slotPriorities":[]}