{"name":"setAppointment","identifier":"NAHCGXIPXN","description":"Allows user to set up an appointment","slotTypeValues":[{"sampleValue":{"value":"September 26, 2021"},"synonyms":null},{"sampleValue":{"value":"09/26/21"},"synonyms":null},{"sampleValue":{"value":"Next Monday"},"synonyms":null},{"sampleValue":{"value":"Two weeks"},"synonyms":null},{"sampleValue":{"value":"5 days"},"synonyms":null},{"sampleValue":{"value":"8:00 pm"},"synonyms":null},{"sampleValue":{"value":"7 o' clock"},"synonyms":null},{"sampleValue":{"value":"10 am"},"synonyms":null}],"parentSlotTypeSignature":null,"valueSelectionSetting":{"regexFilter":null,"resolutionStrategy":"ORIGINAL_VALUE"}}