{"name":"repairOrderID","identifier":"FLMDAZGPHH","description":null,"slotTypeName":"repairOrderID","obfuscationSetting":null,"valueElicitationSetting":{"promptSpecification":{"allowInterrupt":true,"messageGroupsList":[{"message":{"imageResponseCard":null,"customPayload":null,"ssmlMessage":null,"plainTextMessage":{"value":"Please enter your Repair Order ID (i.e. RO#######)"}},"variations":null}],"maxRetries":4},"defaultValueSpecification":null,"waitAndContinueSpecification":null,"slotConstraint":"Required","sampleUtterances":null},"multipleValuesSetting":null}