{"name":"StoreHours","identifier":"6XHAOJNFHU","description":"Redirect users to what specific departments they want to know the hours for.","parentIntentSignature":null,"sampleUtterances":[{"utterance":"storeHours"},{"utterance":"I want to know the working hours of the store"},{"utterance":"What are the hours in which the store is open?"},{"utterance":"What hours are you guys open?"},{"utterance":"At what time do you guys close?"},{"utterance":"What is the weekend schedule?"},{"utterance":"What is the usual weeday schedule?"}],"intentConfirmationSetting":{"isActive":true,"declinationResponse":{"allowInterrupt":true,"messageGroupsList":[{"message":{"imageResponseCard":null,"customPayload":null,"ssmlMessage":null,"plainTextMessage":{"value":"That's okay. If you would like to know about the hours of our service or collision departments simply ask away!"}},"variations":null}]},"promptSpecification":{"allowInterrupt":true,"messageGroupsList":[{"message":{"imageResponseCard":null,"customPayload":null,"ssmlMessage":null,"plainTextMessage":{"value":"Would you like information about the hours of our sales department?"}},"variations":null}],"maxRetries":4}},"intentClosingSetting":{"isActive":true,"closingResponse":{"allowInterrupt":true,"messageGroupsList":[{"message":{"imageResponseCard":null,"customPayload":null,"ssmlMessage":null,"plainTextMessage":{"value":"Our sales department is open from Monday to Saturday between 9 am to 8 pm PDT and Sunday between 10 am to 7 pm PDT."}},"variations":null}]}},"inputContexts":null,"outputContexts":null,"kendraConfiguration":null,"dialogCodeHook":null,"fulfillmentCodeHook":null,"slotPriorities":[]}