{"name":"displayDodge","identifier":"SIHADOIFUQ","description":"Displays to the user what Dodge models are available in the store.","parentIntentSignature":null,"sampleUtterances":[{"utterance":"Dodge"},{"utterance":"What Dodge models do you guys have?"},{"utterance":"What Dodge models are offered?"},{"utterance":"Display Dodge models"},{"utterance":"Dodge models"}],"intentConfirmationSetting":null,"intentClosingSetting":{"isActive":true,"closingResponse":{"allowInterrupt":true,"messageGroupsList":[{"message":{"imageResponseCard":null,"customPayload":null,"ssmlMessage":null,"plainTextMessage":{"value":"There are currently 0 listings for Dodge models in our store, sorry for the inconvenience."}},"variations":null}]}},"inputContexts":[{"name":"newDodge","timeToLiveInSeconds":null,"turnsToLive":null}],"outputContexts":null,"kendraConfiguration":null,"dialogCodeHook":null,"fulfillmentCodeHook":null,"slotPriorities":[]}