{"name":"StoreInfo","identifier":"1NNKNJBH38","description":"Displays information about the store and what type of questions can be asked to the bot.","parentIntentSignature":null,"sampleUtterances":[{"utterance":"Can I get some information about the store?"},{"utterance":"Where can I find information about services?"},{"utterance":"Where can I find the store's website URL?"},{"utterance":"What is the store's phone number?"},{"utterance":"Store info"},{"utterance":"Information"}],"intentConfirmationSetting":null,"intentClosingSetting":{"isActive":true,"closingResponse":{"allowInterrupt":true,"messageGroupsList":[{"message":{"imageResponseCard":{"title":"What would you like to know about our store?","buttonsList":[{"value":"{serviceURL}","text":"Web Address"},{"value":"{storePhoneNumber}","text":"Phone Number"},{"value":"{storeAddress}","text":"Address"},{"value":"{storeHours}","text":"Store Hours"}],"imageUrl":"https://alejandrosbucket.s3.amazonaws.com/BellevueStore.jpg","subtitle":null},"customPayload":null,"ssmlMessage":null,"plainTextMessage":null},"variations":null}]}},"inputContexts":null,"outputContexts":[{"name":"serviceURL","timeToLiveInSeconds":90,"turnsToLive":5},{"name":"storeHours","timeToLiveInSeconds":90,"turnsToLive":5},{"name":"storeAddress","timeToLiveInSeconds":90,"turnsToLive":5},{"name":"storePhoneNumber","timeToLiveInSeconds":90,"turnsToLive":5}],"kendraConfiguration":null,"dialogCodeHook":null,"fulfillmentCodeHook":null,"slotPriorities":[]}