{"name":"repairOrderID","identifier":"ZDHPULBMYE","description":"Personal identification of a repair order","slotTypeValues":[{"sampleValue":{"value":"RO1234567"},"synonyms":null},{"sampleValue":{"value":"RO4567890"},"synonyms":null},{"sampleValue":{"value":"RO2345678"},"synonyms":null},{"sampleValue":{"value":"RO#######"},"synonyms":null},{"sampleValue":{"value":"ROXXXXXXX"},"synonyms":null}],"parentSlotTypeSignature":null,"valueSelectionSetting":{"regexFilter":null,"resolutionStrategy":"ORIGINAL_VALUE"}}