{"name":"ServiceHours","identifier":"9EIIZ3QAYE","description":"Provide users with the hours of the service department.","parentIntentSignature":null,"sampleUtterances":[{"utterance":"What are the hours of your service department?"},{"utterance":"When can I schedule a visit for the service department?"},{"utterance":"Service department info"},{"utterance":"Information on the service department"},{"utterance":"Service department"}],"intentConfirmationSetting":null,"intentClosingSetting":{"isActive":true,"closingResponse":{"allowInterrupt":true,"messageGroupsList":[{"message":{"imageResponseCard":null,"customPayload":null,"ssmlMessage":null,"plainTextMessage":{"value":"Our service department is open from Monday to Friday between 7 am to 7 pm PDT and Saturday between 8 am to 5 pm PDT."}},"variations":null}]}},"inputContexts":null,"outputContexts":null,"kendraConfiguration":null,"dialogCodeHook":null,"fulfillmentCodeHook":null,"slotPriorities":[]}