{"name":"StorePhoneNumber","identifier":"U0GMQGHHQO","description":"Provides information about the store's phone numbers.","parentIntentSignature":null,"sampleUtterances":[{"utterance":"storePhoneNumber"},{"utterance":"What is the phone number of the store?"},{"utterance":"Phone Number"},{"utterance":"Telephone"},{"utterance":"How can I contact the store?"},{"utterance":"How can I talk to a manager?"}],"intentConfirmationSetting":null,"intentClosingSetting":{"isActive":true,"closingResponse":{"allowInterrupt":true,"messageGroupsList":[{"message":{"imageResponseCard":null,"customPayload":null,"ssmlMessage":null,"plainTextMessage":{"value":"You can speak with one of our representatives by calling (425) 454-8411. If you're looking for a customer service representative please contact (425) 900-5010.  📞"}},"variations":null}]}},"inputContexts":null,"outputContexts":null,"kendraConfiguration":null,"dialogCodeHook":null,"fulfillmentCodeHook":null,"slotPriorities":[]}