{"name":"LineItem1","identifier":"TUIDC2AJ4P","description":"The different parts and labor, along with quantity and price associated with the repair or service of the first order.","parentIntentSignature":null,"sampleUtterances":[{"utterance":"Can you show the items for the first repair order?"},{"utterance":"Line Item 1"},{"utterance":"line item 1"},{"utterance":"Can you show the first line items?"},{"utterance":"First line item"},{"utterance":"lineitem1"},{"utterance":"LINEITEM1"},{"utterance":"Items for 1st repair order"}],"intentConfirmationSetting":null,"intentClosingSetting":{"isActive":true,"closingResponse":{"allowInterrupt":true,"messageGroupsList":[{"message":{"imageResponseCard":null,"customPayload":null,"ssmlMessage":null,"plainTextMessage":{"value":"Items for repair: Brakes (b123): $232.50 for one unit, oil (o234): $35.99 for one unit. Labor hours: 4.5 ($80.00)."}},"variations":null}]}},"inputContexts":null,"outputContexts":null,"kendraConfiguration":null,"dialogCodeHook":null,"fulfillmentCodeHook":null,"slotPriorities":[]}