{"name":"vehicleID","identifier":"V7NZNJQRJW","description":null,"slotTypeName":"vehicleID","obfuscationSetting":null,"valueElicitationSetting":{"promptSpecification":{"allowInterrupt":true,"messageGroupsList":[{"message":{"imageResponseCard":null,"customPayload":null,"ssmlMessage":null,"plainTextMessage":{"value":"Please provide the Vehicle ID for the car you wish to make an appointment for (i.e. #CXXXXXXXXXXXXXXX)"}},"variations":null}],"maxRetries":4},"defaultValueSpecification":null,"waitAndContinueSpecification":null,"slotConstraint":"Required","sampleUtterances":null},"multipleValuesSetting":null}