{"name":"setAppointment","identifier":"LWI0RVZL0H","description":null,"slotTypeName":"setAppointment","obfuscationSetting":null,"valueElicitationSetting":{"promptSpecification":{"allowInterrupt":true,"messageGroupsList":[{"message":{"imageResponseCard":null,"customPayload":null,"ssmlMessage":null,"plainTextMessage":{"value":"Please provide a date or time for when you would like to re-schedule your new appointment."}},"variations":null}],"maxRetries":4},"defaultValueSpecification":null,"waitAndContinueSpecification":null,"slotConstraint":"Required","sampleUtterances":null},"multipleValuesSetting":null}