{"name":"CollisionHours","identifier":"OICJVCADWJ","description":"Provide users with the hours of the collision department.","parentIntentSignature":null,"sampleUtterances":[{"utterance":"What are the hours of your collision department?"},{"utterance":"Collision department"},{"utterance":"Collision"},{"utterance":"What are your collision services?"},{"utterance":"What days is the collision department open?"},{"utterance":"Collision department info"}],"intentConfirmationSetting":null,"intentClosingSetting":{"isActive":true,"closingResponse":{"allowInterrupt":true,"messageGroupsList":[{"message":{"imageResponseCard":null,"customPayload":null,"ssmlMessage":null,"plainTextMessage":{"value":"Our collision department is open from Monday to Saturday between 8 am to 6 pm PDT."}},"variations":null}]}},"inputContexts":null,"outputContexts":null,"kendraConfiguration":null,"dialogCodeHook":null,"fulfillmentCodeHook":null,"slotPriorities":[]}